{"loss": [0.4656713902950287, 0.4117237627506256, 0.31167441606521606], "binary_accuracy": [0.8039111495018005, 0.7968311309814453, 0.86469966173172], "val_loss": [0.16139370203018188, 0.30338138341903687, 0.16030390560626984], "val_binary_accuracy": [0.9980040192604065, 0.9769211411476135, 0.99363774061203], "lr": [0.001, 0.001, 0.001], "train_epochs": [1, 2, 3], "eval_epochs": [1, 2, 3]}