{"loss": [0.43916428089141846, 0.23937997221946716, 0.21157673001289368], "binary_accuracy": [0.8166677355766296, 0.8870002031326294, 0.8894017934799194], "val_loss": [0.14422927796840668, 0.06379099190235138, 0.037383388727903366], "val_binary_accuracy": [0.9980040192604065, 0.9980040192604065, 0.995134711265564], "lr": [0.001, 0.001, 0.001], "train_epochs": [1, 2, 3], "eval_epochs": [1, 2, 3]}